Time (Ma),CO2 ppm max,CO2ppm min,T C max,T C min,Tavg
0,521.5144838,167.0757122,16.18523668,12.36582387,14.27553028
-1,518.568234,162.9656249,16.76547084,12.90074611,14.83310848
-2,516.286024,159.1680647,17.3161828,13.40788709,15.36203495
-3,514.7073217,155.6859369,17.83757961,13.88649589,15.86203775
-4,513.8789744,152.5223035,18.3298972,14.33589531,16.33289625
-5,513.8514628,149.679752,18.79339323,14.75553893,16.77446608
-6,514.6761144,147.1603083,19.22834218,15.14505035,17.18669627
-7,516.4032741,144.9655227,19.63503086,15.50423053,17.56963069
-8,519.0812452,143.0966465,20.01375263,15.83296434,17.92335849
-9,522.7551326,141.554857,20.36479803,16.13120426,18.24800115
-10,527.4650988,140.3415213,20.68843873,16.39899889,18.54371881
-11,533.2442362,139.4584435,20.98490046,16.63652531,18.81071289
-12,540.1163753,138.9081683,21.2543178,16.84412017,19.04921899
-13,548.0935861,138.6940257,21.49665757,17.02232044,19.259489
-14,557.1723562,138.8195896,21.71159158,17.17187127,19.44173142
-15,567.3270394,139.28754,21.89828095,17.29357384,19.5959274
-16,578.4996271,140.0978496,22.05495515,17.38758898,19.72127206
-17,590.5838288,141.2447087,22.17852891,17.45074819,19.81463855
-18,603.4004945,142.7106797,22.26680698,17.46943744,19.86812221
-19,616.6740248,144.4565873,22.33778899,17.37935121,19.8585701
-20,630.1063054,146.4146069,22.38739304,17.24236172,19.81487738
-21,644.0112594,148.5437558,22.41515178,17.0666571,19.74090444
-22,665.6474642,149.8638587,22.42004096,16.85863419,19.63933758
-23,692.4607005,152.0058943,22.40122722,16.62323494,19.51223108
-24,724.0299419,155.1623876,22.36001045,16.36599473,19.36300259
-25,759.5273143,159.5208499,22.30106113,16.09689529,19.19897821
-26,797.8969289,165.2637009,22.23249485,15.8342559,19.03337538
-27,837.9940682,172.5657431,22.16520391,15.60078108,18.8829925
-28,878.6330825,181.5955066,22.11176302,15.41897975,18.76537138
-29,918.6626908,192.5290301,22.08497315,15.30815974,18.69656644
-30,957.0485313,205.5856068,22.096297,15.28192144,18.68910922
-31,992.9215492,220.9954336,22.15446446,15.34616112,18.75031279
-32,1025.601112,238.9258915,22.2650084,15.49879939,18.8819039
-33,1054.621713,259.4260929,22.43047973,15.73128202,19.08088088
-34,1080.056947,282.3934276,22.65152261,16.03127101,19.34139681
-35,1103.116753,307.5513896,22.92718649,16.38621221,19.65669935
-36,1125.298616,334.4663521,23.25530271,16.78226788,20.01878529
-37,1147.692158,362.6155513,23.6324708,17.20385133,20.41816106
-38,1170.712081,391.3658458,24.05369295,17.63500186,20.8443474
-39,1194.138396,419.9081531,24.5123081,18.06004708,21.28617759
-40,1217.306363,447.2143262,25.00068781,18.4650878,21.73288781
-41,1239.243163,472.1078419,25.51040549,18.83844356,22.17442452
-42,1258.741979,493.4128249,26.03105195,19.16986976,22.60046085
-43,1274.508243,510.1169404,26.54952407,19.45036764,22.99994586
-44,1285.289723,521.4712205,27.05004859,19.67279139,23.36141999
-45,1289.922979,527.0276271,27.51471175,19.8327665,23.67373913
-46,1287.341118,526.6361981,27.92474129,19.92898313,23.92686221
-47,1276.843054,520.4256582,28.26335465,19.96301165,24.11318315
-48,1258.386748,508.7677483,28.51847994,19.93890098,24.22869046
-49,1232.63564,492.2249619,28.6842829,19.8628421,24.2735625
-50,1200.810968,471.4783955,28.76136774,19.74274466,24.2520562
-51,1164.389998,447.2475654,28.75581761,19.58751805,24.17166783
-52,1124.709012,420.2239922,28.67704737,19.40624848,24.04164792
-53,1082.650524,391.0301075,28.5353855,19.20723004,23.87130777
-54,1038.594173,360.2302198,28.34038626,18.99680635,23.66859631
-55,992.7245687,328.3863076,28.10040927,18.77833393,23.4393716
-56,945.6179651,296.1092439,27.82267913,18.55157876,23.18712894
-57,898.7281121,264.098333,27.51303151,18.31297753,22.91300452
-58,854.3646881,233.1454808,27.17605119,18.05745229,22.61675174
-59,814.9620607,204.0888063,26.81714472,17.78119786,22.29917129
-60,782.4605153,177.762516,26.44295582,17.48346408,21.96320995
-61,758.2036961,154.924308,26.06136125,17.16700552,21.61418339
-62,743.246518,136.1802885,25.68177706,16.83770113,21.25973909
-63,738.4404207,121.9354545,25.31521039,16.50484332,20.91002685
-64,744.4086728,112.3935955,24.9740532,16.18166964,20.57786142
-65,761.5577845,107.5952233,24.6708024,15.88442909,20.27761575
-66,789.9616855,107.4412574,24.41631702,15.63060265,20.02345984
-67,829.1645673,111.7223137,24.220206,15.43704909,19.82862755
-68,878.0630817,120.149606,24.09333447,15.31841119,19.70587283
-69,934.9765783,132.3737549,24.04927513,15.28606426,19.6676697
-70,997.824669,147.9819602,24.10456431,15.34786817,19.72621624
-71,1064.415819,166.4670027,24.27743748,15.50853094,19.89298421
-72,1132.811868,187.2594011,24.58578944,15.76984007,20.17781475
-73,1201.649773,209.7945722,25.04479684,16.13061976,20.5877083
-74,1270.227864,233.5633527,25.66532631,16.5866326,21.12597946
-75,1338.113265,258.1196308,26.45301679,17.13077299,21.79189489
-76,1404.359157,283.0270012,27.40739669,17.75365961,22.58052815
-77,1468.029429,307.7772853,28.52069206,18.44474062,23.48271634
-78,1528.504348,331.6889785,29.77689155,19.19323142,24.48506148
-79,1585.486648,353.9305543,31.15234795,19.98793021,25.57013908
-80,1638.934267,373.6510345,32.61705459,20.81708528,26.71706994
-81,1688.969807,390.1461754,34.13668156,21.66836671,27.90252413
-82,1735.842767,402.9600274,35.67540665,22.52760617,29.10150641
-83,1779.833822,411.9389989,37.19888455,23.37777596,30.28833026
-84,1821.09959,417.2161556,38.67557353,24.19892879,31.43725116
-85,1859.588002,419.1733796,40.07682182,24.96888798,32.5228549
-86,1895.128788,418.4106718,41.37600165,25.66442907,33.52021536
-87,1927.633876,415.7188253,42.54768149,26.2627363,34.40520889
-88,1957.117816,412.0006718,43.56752579,26.74205726,35.15479153
-89,1983.670623,408.1649882,44.41276199,27.07991953,35.74634076
-90,2007.511258,405.0352248,45.06483006,27.25311885,36.15897446
-91,2029.045351,403.290665,45.51332797,27.24108017,36.37720407
-92,2048.914846,403.4462355,45.75935522,27.029887,36.39462111
-93,2068.036909,405.851394,45.81636821,26.61709529,36.21673175
-94,2087.570701,410.7061717,45.70863921,26.01689742,35.86276831
-95,2108.793943,418.0818502,45.46840254,25.25627872,35.36234063
-96,2132.907204,427.9289185,45.13264287,24.37007211,34.75135749
-97,2160.817788,440.076167,44.73971379,23.39714838,34.06843108
-98,2192.932101,454.231105,44.32522917,22.37766672,33.35144794
-99,2229.053313,469.9897106,43.91836331,21.35111749,32.6347404
-100,2268.469874,486.856564,43.5394918,20.35439686,31.94694433
-101,2310.021097,504.2606615,43.19913136,19.41990829,31.30951982
-102,2352.18489,521.5745296,42.89931153,18.57480665,30.73705909
-103,2393.269886,538.1562498,42.63724765,17.83812748,30.23768757
-104,2431.631285,553.4050423,42.40820246,17.21592561,29.81206404
-105,2465.800445,566.8007706,42.20642127,16.7103675,29.45839438
-106,2494.500376,577.9149278,42.0257469,16.32652112,29.17613401
-107,2516.707839,586.4374117,41.85978878,16.07399301,28.96689089
-108,2531.744098,592.2063548,41.7018598,15.96367498,28.83276739
-109,2539.329486,595.2221546,41.5448095,16.0026305,28.77372
-110,2539.575314,595.6430511,41.3808304,16.18978161,28.785306
-111,2532.918935,593.792328,41.20144117,16.51361389,28.85752753
-112,2520.025225,590.1353285,40.99770737,16.95229122,28.97499929
-113,2501.662099,585.2191613,40.76071778,17.47631298,29.11851538
-114,2478.584611,579.5883533,40.48245188,18.05161079,29.26703134
-115,2451.47714,573.7039637,40.15686275,18.64309666,29.39997971
-116,2420.921066,567.8935465,39.78081067,19.21900301,29.49990684
-117,2387.402463,562.3478043,39.35419535,19.75414186,29.55416861
-118,2351.371735,557.1186417,38.88001858,20.23132568,29.55567213
-119,2313.305557,552.1314716,38.36481984,20.64226212,29.50354098
-120,2273.746388,547.232928,37.81857778,20.98740002,29.4029889
-121,2233.316099,542.2464451,37.25363844,21.27387106,29.26375475
-122,2192.690718,537.0223898,36.68516879,21.51119125,29.09818002
-123,2152.527948,531.4659867,36.13334496,21.7043312,28.91883808
-124,2113.412774,525.5280024,35.61451369,21.84882051,28.7316671
-125,2075.822404,519.2034677,35.13614662,21.93000685,28.53307674
-126,2040.085279,512.5349114,34.69782846,21.92838806,28.31310826
-127,2006.34817,505.5976137,34.29395345,21.82653384,28.06024365
-128,1974.561972,498.4647297,33.91620811,21.61438107,27.76529459
-129,1944.482426,491.2000816,33.55548702,21.29260584,27.42404643
-130,1915.707798,483.8668566,33.20347615,20.87195122,27.03771368
-131,1887.756102,476.5257426,32.85370023,20.36797318,26.61083671
-132,1860.165723,469.2316663,32.50181463,19.80141629,26.15161546
-133,1832.591176,462.0308777,32.14572085,19.19788586,25.67180336
-134,1804.863692,454.9599022,31.78542864,18.58558282,25.18550573
-135,1777.029528,448.0484253,31.4225797,17.99204092,24.70731031
-136,1749.348801,441.3271777,31.05969318,17.44018069,24.24993693
-137,1722.254942,434.8364489,30.69935842,16.9443747,23.82186656
-138,1696.260646,428.6268324,30.34360343,16.50767194,23.42563768
-139,1671.824396,422.7475815,29.99347258,16.12206878,23.05777068
-140,1649.207265,417.2220912,29.6488192,15.7747018,22.7117605
-141,1628.421162,412.0321712,29.30868718,15.45908527,22.38388623
-142,1609.253336,407.1176629,28.97288703,15.17274701,22.07281702
-143,1591.350319,402.3989249,28.64271842,14.91448254,21.77860048
-144,1574.289167,397.7969243,28.32129384,14.68309865,21.50219624
-145,1557.65208,393.2495038,28.01354977,14.47694798,21.24524888
-146,1541.11779,388.7240805,27.72591331,14.29381658,21.00986494
-147,1524.523394,384.2142424,27.46568968,14.13092673,20.7983082
-148,1507.892519,379.7317066,27.2401278,13.9850546,20.6125912
-149,1491.419721,375.3071187,27.05519517,13.85276935,20.45398226
-150,1475.427542,371.000601,26.91415025,13.7307483,20.32244928
-151,1460.316927,366.9111704,26.8161568,13.61611973,20.21613827
-152,1446.515616,363.1512699,26.75539695,13.50677384,20.1310854
-153,1434.404752,359.8216291,26.7214283,13.40157072,20.06149951
-154,1424.223544,356.987128,26.70150645,13.30037388,20.00094017
-155,1416.05784,354.6737706,26.68385042,13.20386431,19.94385736
-156,1409.891397,352.8813617,26.66060278,13.11313404,19.88686841
-157,1405.689455,351.6043362,26.6300183,13.02913155,19.82957493
-158,1403.480267,350.8521868,26.59667031,12.95214931,19.77440981
-159,1403.412573,350.6639229,26.56732596,12.88166071,19.72449333
-160,1405.779275,351.1140552,26.54317828,12.81677828,19.67997828
-161,1411.00526,352.3094923,26.52325112,12.75652587,19.6398885
-162,1419.609562,354.380039,26.50657032,12.69992932,19.60324982
-163,1432.156004,357.4660352,26.4922539,12.64610665,19.56918027
-164,1449.206617,361.7216144,26.47960049,12.59435649,19.53697849
-165,1471.275963,367.3549914,26.46814458,12.54421333,19.50617896
-166,1498.787853,374.6370768,26.45766757,12.49545857,19.47656307
-167,1532.041018,383.8497868,26.44819495,12.4481177,19.44815632
-168,1571.206439,395.198716,26.43992348,12.40238748,19.42115548
-169,1616.421651,408.7035229,26.43307739,12.35849214,19.39578477
-170,1667.92537,424.1213311,26.42783277,12.31660777,19.37222027
-171,1726.026294,440.9721376,26.42430155,12.2768463,19.35057392
-172,1790.98043,458.6269717,26.42258711,12.23931111,19.33094911
-173,1862.862974,476.4195334,26.42286132,12.20417407,19.31351769
-174,1941.471767,493.7716222,26.42540057,12.17171157,19.29855607
-175,2026.261672,510.3023911,26.43059232,12.14231107,19.2864517
-176,2116.306152,525.8456584,26.43890764,12.11644364,19.27767564
-177,2210.345148,540.4168348,26.45087741,12.09464016,19.27275879
-178,2306.991167,554.1848799,26.46706482,12.07746382,19.27226432
-179,2404.692208,567.3924102,26.48805921,12.06550396,19.27678159
-180,2501.058797,580.1235604,26.51439961,12.05929961,19.28684961
-181,2591.276053,591.8747685,26.54635075,12.0591155,19.30273313
-182,2668.824838,601.7553547,26.58388379,12.06492279,19.32440329
-183,2730.875573,609.1264679,26.62685324,12.07657599,19.35171461
-184,2778.003839,613.7898158,26.67517432,12.09399032,19.38458232
-185,2812.0052,615.8320488,26.72896308,12.11728183,19.42312246
-186,2834.885377,615.7331012,26.78860481,12.14683581,19.46772031
-187,2847.963539,614.0639562,26.85470207,12.18325482,19.51897844
-188,2851.443189,611.3580156,26.92783509,12.22711909,19.57747709
-189,2845.424049,608.219903,27.00837419,12.27879894,19.64358657
-190,2831.524561,605.4562591,27.09652086,12.33849586,19.71750836
-191,2813.325261,604.2496968,27.1926549,12.40658965,19.79962227
-192,2794.301146,605.7485517,27.29767002,12.48397402,19.89082202
-193,2776.246956,610.4946557,27.41301927,12.57210202,19.99256065
-194,2759.914083,618.4730397,27.54047845,12.67274945,20.10661395
-195,2744.015333,628.9390257,27.68178669,12.78765544,20.23472106
-196,2724.973185,640.8109709,27.8383207,12.9181967,20.3782587
-197,2698.936136,652.9956791,28.01087439,13.06516714,20.53802077
-198,2664.301994,664.5541637,28.19955839,13.22867739,20.71411789
-199,2622.700645,674.7823476,28.40379148,13.40814623,20.90596886
-200,2578.682242,683.2410166,28.62232972,13.60232972,21.11232972
-201,2538.481497,689.7374417,28.8533219,13.80937665,21.33134928
-202,2507.875391,694.2447652,29.09442245,14.02694145,21.56068195
-203,2490.419405,696.8503871,29.34296805,14.2523608,21.79766443
-204,2487.037867,697.7692598,29.59606583,14.48274183,22.03940383
-205,2496.425001,697.3157669,29.85069631,14.71506506,22.28288068
-206,2515.739061,695.770606,30.10387919,14.94635019,22.52511469
-207,2541.441506,693.2889926,30.35275808,15.17374083,22.76324945
-208,2570.017064,689.8216559,30.59464329,15.39454729,22.99459529
-209,2598.444343,685.0977924,30.82706302,15.60629777,23.2166804
-210,2624.490579,678.7278126,31.04783667,15.80681167,23.42732417
-211,2647.012198,670.3768157,31.25516426,15.99428901,23.62472663
-212,2666.285993,659.9504336,31.44770543,16.16738943,23.80754743
-213,2683.940491,647.7115159,31.62464162,16.32529437,23.97496799
-214,2702.541985,634.2816145,31.78572648,16.46775748,24.12674198
-215,2725.221784,620.5865882,31.9313008,16.59511955,24.26321018
-216,2754.891396,607.6577724,32.06222764,16.70824364,24.38523564
-217,2793.185707,596.4381764,32.17983206,16.80845481,24.49414343
-218,2839.534553,587.560633,32.28592407,16.89756307,24.59174357
-219,2890.65452,581.1147872,32.38269445,16.9777592,24.68022683
-220,2941.108839,576.5995956,32.47245692,17.05135692,24.76190692
-221,2985.354891,573.2084349,32.55731278,17.12045753,24.83888515
-222,3020.702588,570.4133699,32.63881346,17.18661246,24.91271296
-223,3047.43549,567.9568741,32.71770509,17.25056784,24.98413646
-224,3064.046449,565.4542825,32.79391229,17.31224829,25.05308029
-225,3067.851507,562.4021369,32.86690163,17.37112038,25.119011
-226,3056.922956,558.417014,32.93617044,17.42668144,25.18142594
-227,3030.730297,553.1694436,33.00161712,17.47882987,25.2402235
-228,2991.079531,546.7233778,33.06357634,17.52790034,25.29573834
-229,2942.473113,539.6377628,33.12273327,17.57457802,25.34865564
-230,2890.486395,532.714854,33.17998932,17.61976432,25.39987682
-231,2839.119656,526.6462195,33.23634587,17.66446062,25.45040324
-232,2789.175504,521.5746767,33.29278165,17.70964565,25.50121365
-233,2739.085557,517.2288599,33.35013503,17.75615778,25.5531464
-234,2685.756442,513.2990304,33.40901863,17.80460963,25.60681413
-235,2624.439858,509.3470873,33.46978914,17.85535789,25.66257352
-236,2551.430042,505.1407863,33.53257117,17.90852717,25.72054917
-237,2466.254585,500.509907,33.59732864,17.96408139,25.78070501
-238,2371.254216,495.2597428,33.66395548,18.02191448,25.84293498
-239,2270.039115,489.1929957,33.73231022,18.08284742,25.90757882
-240,2166.441927,482.1236774,33.80219023,18.15026834,25.97622928
-241,2063.69633,473.8775029,33.87337427,18.22694469,26.05015948
-242,1963.926847,464.3089673,33.94570532,18.31309195,26.12939864
-243,1868.377131,453.3301205,34.01913981,18.40615677,26.21264829
-244,1777.72726,440.9470679,34.09381764,18.50147661,26.29764713
-245,1692.499696,427.2959178,34.17003282,18.59325471,26.38164377
-246,1613.106762,412.6355188,34.24801812,18.67551164,26.46176488
-247,1539.789747,397.3098328,34.32783261,18.74286123,26.53534692
-248,1472.627321,381.7002251,34.40938412,18.79105867,26.60022139
-249,1411.574944,366.1820953,34.49254354,18.81729966,26.6549216
-250,1356.511074,351.0900909,34.57729158,18.8202918,26.69879169
-251,1307.28367,336.6913224,34.6637453,18.80014675,26.73194602
-252,1263.70364,323.1685292,34.75211863,18.7581608,26.75513972
-253,1225.545016,310.6229831,34.84249146,18.69653482,26.76951314
-254,1192.57717,299.100192,34.9346414,18.61807564,26.77635852
-255,1164.620076,288.6209233,35.02799448,18.5259102,26.77695234
-256,1141.548313,279.2007635,35.12165131,18.42323525,26.77244328
-257,1123.271272,270.8570602,35.21446878,18.31311687,26.76379282
-258,1109.696605,263.614635,35.30517462,18.19847871,26.75182667
-259,1100.674678,257.5086706,35.39233291,18.08253314,26.73743302
-260,1095.940633,252.5781004,35.47425266,17.96879582,26.72152424
-261,1095.072823,248.8509727,35.54897713,17.86091431,26.70494572
-262,1097.466948,246.3238187,35.61438387,17.7624681,26.68842598
-263,1102.340477,244.9407267,35.66844464,17.67678205,26.67261334
-264,1108.799061,244.5792041,35.70968224,17.60670834,26.65819529
-265,1115.962349,245.0487376,35.73745011,17.5544078,26.64592895
-266,1123.057564,246.1062696,35.75139448,17.5212663,26.63633039
-267,1129.479026,247.4839896,35.7511286,17.51029848,26.63071354
-268,1134.819706,248.926797,35.73601197,17.52953812,26.63277504
-269,1138.870327,250.2505909,35.70504921,17.58244488,26.64374704
-270,1141.584735,251.4277869,35.65699756,17.66301641,26.66000698
-271,1143.034826,252.6068042,35.59062248,17.75651308,26.67356778
-272,1143.343888,254.0334659,35.50495439,17.84300977,26.67398208
-273,1142.580131,255.9373445,35.39919736,17.90186826,26.65053281
-274,1140.62487,258.4581946,35.27261861,17.91575173,26.59418517
-275,1137.128553,261.6178011,35.12463129,17.87304105,26.49883617
-276,1131.606979,265.3340441,34.95497759,17.76756266,26.36127013
-277,1123.563729,269.4223351,34.76342055,17.59620938,26.17981496
-278,1112.588097,273.5683427,34.54929591,17.36076261,25.95502926
-279,1098.422928,277.3265196,34.31129622,17.06768534,25.68949078
-280,1080.973471,280.1389985,34.04749205,16.72626025,25.38687615
-281,1060.163365,281.3983494,33.75551959,16.34676132,25.05114045
-282,1035.739097,280.5495673,33.43299019,15.93903624,24.68601322
-283,1007.511678,277.2135726,33.07808801,15.51152474,24.29480637
-284,975.9205201,271.2759705,32.690099,15.07076978,23.88043439
-285,942.276122,262.8943553,32.26966711,14.62138715,23.44552713
-286,908.4751197,252.4232709,31.81876093,14.16672825,22.99274459
-287,876.5269545,240.3231135,31.34036086,13.71066009,22.52551048
-288,848.1075609,227.0732048,30.83806692,13.25802796,22.04804744
-289,824.2979759,213.1051608,30.31558299,12.81435148,21.56496723
-290,805.6814657,198.7832786,29.77640677,12.3852041,21.08080543
-291,792.5505048,184.4143723,29.22367176,11.97540835,20.59954006
-292,785.0433192,170.2639116,28.66012856,11.58819486,20.12416171
-293,783.2233616,156.5776068,28.08826701,11.22441715,19.65634208
-294,787.1210411,143.598991,27.51046913,10.88186373,19.19616643
-295,796.7305109,131.5743797,26.92921089,10.55487894,18.74204492
-296,811.9537711,120.7511164,26.34741798,10.23457095,18.29099447
-297,832.5205174,111.3716818,25.76887634,9.909864175,17.83937026
-298,857.9345601,103.6616365,25.1985448,9.569361156,17.38395298
-299,887.445867,97.80629599,24.64266825,9.203919338,16.92329379
-300,920.0546381,93.92001911,24.10857817,8.809682267,16.45913022
-301,954.5441884,92.01602245,23.60386332,8.390750706,15.99730701
-302,989.5126111,91.98336328,23.13549397,7.960606703,15.54805034
-303,1023.390166,93.57493233,22.70979715,7.540654554,15.12522585
-304,1054.488622,96.41565358,22.3322876,7.153614278,14.74295094
-305,1081.090904,100.0357201,22.00762248,6.813938721,14.4107806
-306,1101.573286,103.9262838,21.73959904,6.531603641,14.13560134
-307,1114.573992,107.6102565,21.5312379,6.314182732,13.92271031
-308,1119.153562,110.7145527,21.38497637,6.166686048,13.77583121
-309,1114.901478,113.0206292,21.30275972,6.091660536,13.69721013
-310,1101.969172,114.471248,21.2860771,6.089354993,13.68771604
-311,1081.049824,115.1148477,21.33583338,6.15819384,13.74701361
-312,1053.293427,115.0648514,21.45192947,6.295513473,13.87372147
-313,1020.184579,114.4918519,21.63275069,6.498253437,14.06550206
-314,983.4326122,113.6162489,21.87505335,6.762884352,14.31896885
-315,944.8918955,112.670559,22.17399964,7.084568392,14.62928402
-316,906.4394076,111.8504193,22.52313527,7.456851274,14.98999327
-317,869.7901285,111.2718255,22.91440444,7.871677192,15.39304082
-318,836.3017953,110.9556794,23.33834697,8.319585968,15.82896647
-319,806.8200492,110.8582806,23.78489283,8.790507578,16.2877002
-320,781.6267766,110.9091368,24.24436601,9.274766013,16.75956601
-321,760.5835959,111.066787,24.70805415,9.7636489,17.23585152
-322,743.5546487,111.3610204,25.16838028,10.24957928,17.70897978
-323,730.9007523,111.9126591,25.6187251,10.72593785,18.17233147
-324,723.4268709,112.9000783,26.05305251,11.18668851,18.61987051
-325,721.8489042,114.4960163,26.46576921,11.62623796,19.04600359
-326,726.4101872,116.8189417,26.85162414,12.03933514,19.44547964
-327,736.8718147,119.9179096,27.20577304,12.42113579,19.81345442
-328,752.6627639,123.7867249,27.52413758,12.76756158,20.14584958
-329,773.1049563,128.3936735,27.80370492,13.07559967,20.4396523
-330,797.5994244,133.7074297,28.04247856,13.34325356,20.69286606
-331,825.5786703,139.6950601,28.23946248,13.56952723,20.90449485
-332,856.4243614,146.3132589,28.3950483,13.7548123,21.0749303
-333,889.4693273,153.5076995,28.51126864,13.90114139,21.20620501
-334,924.0299443,161.2149988,28.59156227,14.01195327,21.30175777
-335,959.4446141,169.3644113,28.64055174,14.09187049,21.36621111
-336,995.1154278,177.879266,28.66372686,14.14638286,21.40505486
-337,1030.548757,186.6788012,28.66641317,14.18081592,21.42361455
-338,1065.389309,195.6806426,28.6527132,14.1992722,21.4259927
-339,1099.441407,204.8039251,28.62594273,14.20506748,21.4155051
-340,1132.671276,213.9729303,28.58882003,14.20092003,21.39487003
-341,1165.185528,223.1211142,28.54378774,14.18927249,21.36653012
-342,1197.184434,232.1952669,28.49345204,14.17273104,21.33309154
-343,1228.89493,241.1587679,28.44120841,14.15471185,21.29796013
-344,1260.498609,249.9931187,28.39160938,14.1400682,21.26583879
-345,1292.085567,258.6971813,28.35011984,14.13537355,21.2427467
-346,1323.672526,267.2842834,28.32259986,14.14817372,21.23538679
-347,1355.259484,275.7784058,28.31495252,14.18599029,21.25047141
-348,1386.846443,284.209592,28.33277024,14.25531964,21.29404494
-349,1418.433401,292.6103905,28.38109611,14.36073023,21.37091317
-350,1450.02036,301.0168332,28.46460703,14.50410916,21.48435809
-351,1481.607318,309.4640683,28.58758812,14.68435956,21.63597384
-352,1513.194277,317.9790674,28.75321662,14.89763703,21.82542683
-353,1544.781235,326.5741291,28.96258563,15.13804716,22.05031639
-354,1576.368194,335.2435294,29.21421263,15.39877829,22.30649546
-355,1607.955152,343.9657498,29.50416091,15.67332352,22.58874221
-356,1639.542111,352.7090828,29.82649373,15.95595548,22.89122461
-357,1671.129069,361.4361846,30.17351039,16.24151074,23.20751057
-358,1702.716027,370.1086337,30.5363049,16.52516355,23.53073423
-359,1734.302986,378.6916739,30.90525718,16.80217039,23.85371379
-360,1765.889944,387.1578127,31.27040619,17.06770504,24.16905562
-361,1797.476903,395.4874832,31.62176053,17.31686596,24.46931324
-362,1829.063861,403.6668301,31.94933777,17.54464146,24.74698962
-363,1860.65082,411.6866112,32.24344016,17.7463115,24.99487583
-364,1892.237778,419.5413715,32.49511856,17.91787557,25.20649707
-365,1923.824737,427.2282946,32.69658576,18.05630595,25.37644585
-366,1955.411695,434.746214,32.84177762,18.15993939,25.50085851
-367,1986.998654,442.0955215,32.92724511,18.22924287,25.57824399
-368,2018.585612,449.2791034,32.95279717,18.26734109,25.61006913
-369,2050.17257,456.3028881,32.92147481,18.27974698,25.60061089
-370,2081.759529,463.1762258,32.83912507,18.27356605,25.55634556
-371,2113.346487,469.9118257,32.7136236,18.25634102,25.48498231
-372,2144.933446,476.525336,32.55340917,18.23430455,25.39385686
-373,2176.520404,483.034704,32.36612302,18.21090154,25.28851228
-374,2208.107363,489.4593826,32.1582306,18.18652953,25.17238006
-375,2239.694321,495.819404,31.93545243,18.1593004,25.04737642
-376,2271.28128,502.1343405,31.70239354,18.12526627,24.9138299
-377,2302.868238,508.4221809,31.46265283,18.07937929,24.77101606
-378,2334.455197,514.69819,31.21896285,18.0166876,24.61782523
-379,2366.042155,520.9738554,30.9731493,17.93340826,24.45327878
-380,2397.629114,527.2560709,30.72612851,17.82778287,24.27695569
-381,2429.21089,533.5467294,30.47819275,17.70046231,24.08932753
-382,2460.757965,539.8429075,30.22977871,17.55436476,23.89207174
-383,2492.206279,546.1378484,29.98245265,17.39471624,23.68858445
-384,2523.472149,552.4229203,29.74002034,17.22909783,23.48455909
-385,2554.478675,558.6900677,29.50963719,17.06745761,23.2885474
-386,2585.181285,564.933846,29.30210256,16.92187027,23.11198641
-387,2615.586165,571.1522277,29.1303231,16.80569339,22.96800825
-388,2645.75937,577.3452713,29.00743067,16.73274547,22.87008807
-389,2675.826919,583.5131395,28.94523585,16.71627409,22.83075497
-390,2706.244672,589.6554701,28.95337069,16.76799261,22.86068165
-391,2738.319168,595.7713902,29.03817335,16.89647975,22.96732655
-392,2773.324737,601.8596574,29.2021259,17.1059399,23.1540329
-393,2811.879713,607.9188652,29.44333747,17.39545862,23.41939805
-394,2853.778722,613.9476638,29.75534961,17.75871445,23.75703203
-395,2898.08705,619.9449542,30.1275257,18.18456845,24.15604707
-396,2943.361759,625.910021,30.5458345,18.65819619,24.60201534
-397,2987.909753,631.8425874,30.99346945,19.1620622,25.07776582
-398,3030.027444,637.7427858,31.45163868,19.67695768,25.56429818
-399,3068.192067,643.6110567,31.90064491,20.18309966,26.04187228
-400,3101.192584,649.4479968,32.32082362,20.66082362,26.49082362
-401,3128.200148,655.2541894,32.69342648,21.09138123,26.89240385
-402,3148.785029,661.0301206,33.00129316,21.45761216,27.22945266
-403,3153.207246,666.756138,33.22945486,21.74454761,27.48700124
-404,3153.398195,672.4610537,33.36572226,21.93999826,27.65286026
-405,3153.251228,678.1515944,33.40114282,22.03501157,27.71807719
-406,3153.308689,683.8267209,33.33017359,22.02404459,27.67710909
-407,3153.174462,689.484278,33.15096439,21.90524714,27.52810576
-408,3152.353099,695.1226136,32.86567112,21.68077512,27.27322312
-409,3150.407117,700.7406317,32.480648,21.35698275,26.91881538
-410,3146.973064,706.3376502,32.00596575,20.94394075,26.47495325
-411,3141.767595,711.913283,31.45459915,20.4546239,25.95461152
-412,3134.614841,717.4673586,30.84210213,19.90458613,25.37334413
-413,3125.428026,722.9998615,30.18580645,19.3111592,24.74848283
-414,3114.185335,728.5108899,29.50373164,18.69236264,24.09804714
-415,3100.912066,734.0006232,28.81336767,18.06568642,23.43952705
-416,3085.667527,739.4692975,28.13042561,17.44684161,22.78863361
-417,3068.535541,744.9171879,27.4679256,16.84884835,22.15838697
-418,3049.617611,750.3445947,26.83558923,16.28142823,21.55850873
-419,3029.027847,755.7518337,26.23974633,15.75091108,20.9953287
-420,3006.888816,761.1392267,25.68433477,15.26123477,20.47278477
-421,2983.327462,766.5070926,25.172292,14.81533675,19.99381438
-422,2958.470253,771.8557332,24.70556583,14.41546582,19.56051583
-423,2932.436716,777.1854167,24.28373325,14.06261586,19.17317455
-424,,,23.90367566,13.75578351,18.82972958
-425,,,23.56002014,13.49094782,18.52548398
-426,,,23.24596724,13.26098201,18.25347463
-427,,,22.95383804,13.0561057,18.00497187
-428,,,22.67603062,12.86488253,17.77045658
-429,,,22.40566566,12.67538506,17.54052536
-430,,,22.13698997,12.47640556,17.30669777
-431,,,21.86583205,12.25879392,17.06231298
-432,,,21.58962192,12.0161697,16.80289581
-433,,,21.30697275,11.74534981,16.52616128
-434,,,21.01726495,11.44684166,16.23205331
-435,,,20.72063206,11.12469756,15.92266481
-436,,,20.41805752,10.78578899,15.60192325
-437,,,20.1117487,10.43914091,15.2754448
-438,,,19.80543843,10.09526227,14.95035035
-439,,,19.50469215,9.7657004,14.63519627
-440,,,19.21708062,9.462734733,14.33990768
-441,,,18.95195001,9.198978769,14.07546439
-442,,,18.71973806,8.986918489,13.85332827
-443,,,18.53105993,8.838370937,13.68471543
-444,,,18.39554591,8.76360979,13.57957785
-445,,,18.32073811,8.770451884,13.545595
-446,,,18.3114519,8.863720962,13.58758643
-447,,,18.36989624,9.045295622,13.70759593
-448,,,18.49650557,9.314734535,13.90562005
-449,,,18.69044304,9.669490898,14.17996697
-450,,,18.95028485,10.10529965,14.52779225
-451,,,19.27447543,10.61639386,14.94543464
-452,,,19.66168604,11.19583361,15.42875983
-453,,,20.11111741,11.83615063,15.97363402
-454,,,20.62257228,12.53007993,16.57632611
-455,,,21.1964265,13.27145776,17.23394213
-456,,,21.83316405,14.05585147,17.94450776
-457,,,22.53186797,14.8800983,18.70598313
-458,,,23.28822626,15.74093275,19.51457951
-459,,,24.09392922,16.63397945,20.36395433
-460,,,24.93801799,17.5533426,21.2456803
-461,,,25.80827493,18.49182779,22.15005136
-462,,,26.69213401,19.44157206,23.06685303
-463,,,27.57747318,20.39433579,23.98590449
-464,,,28.45327616,21.34149688,24.89738652
-465,,,29.31007492,22.2744683,25.79227161
-466,,,30.14007658,23.18502272,26.66254965
-467,,,30.9370548,24.06562842,27.50134161
-468,,,31.69594458,24.90970858,28.30282658
-469,,,32.41225513,25.71181988,29.0620375
-470,,,33.08183843,26.46761343,29.77472593
-471,,,33.70133361,27.17372836,30.43753099
-472,,,34.26848483,27.82790883,31.04819683
-473,,,34.78233438,28.42919713,31.60576575
-474,,,35.24334091,28.97805191,32.11069641
-475,,,35.6534098,29.47637855,32.56489417
-476,,,36.0158263,29.9274623,32.9716443
-477,,,36.33503543,30.33574818,33.3353918
-478,,,36.61623705,30.70643605,33.66133655
-479,,,36.86492819,31.04502294,33.95497556
-480,,,37.08661796,31.35701796,34.22181796
-481,,,37.28655668,31.64767143,34.46711406
-482,,,37.46911667,31.92142651,34.69527159
-483,,,37.63718422,32.18150052,34.90934237
-484,,,37.79213018,32.42979681,35.1109635
-485,,,37.93404504,32.66693804,35.30049154
-486,,,38.06211267,32.89243047,35.47727157
-487,,,38.17487518,33.10477836,35.63982677
-488,,,38.27052207,33.30170382,35.78611295
-489,,,38.34717008,33.48043458,35.91380233
-490,,,38.40313299,33.63804145,36.02058722
-491,,,38.43709847,33.77172022,36.10440934
-492,,,38.44821943,33.8790037,36.16361157
-493,,,38.43614673,33.95791289,36.19702981
-494,,,38.40098075,34.00701153,36.20399614
-495,,,38.34316811,34.02538288,36.18427549
-496,,,38.26332566,34.01250757,36.13791662
-497,,,38.16208364,33.96813512,36.06510938
-498,,,38.04000481,33.89220941,35.96610711
-499,,,37.89764403,33.78491734,35.84128068
-500,,,37.73576191,33.64688014,35.69132103
-501,,,37.55560127,33.47941179,35.51750653
-502,,,37.35908308,33.28473433,35.32190871
-503,,,37.14887413,33.06606933,35.10747173
-504,,,36.92820157,32.8274648,34.87783319
-505,,,36.70053346,32.57347111,34.63700228
-506,,,36.46931272,32.30884793,34.38908032
-507,,,36.23769523,32.03824972,34.13797247
-508,,,36.00827894,31.7658757,33.88707732
-509,,,35.78286321,31.49512632,33.63899477
-510,,,35.56228652,31.22832228,33.3953044
-511,,,35.34639409,30.96655026,33.15647217
-512,,,35.13417892,30.70969718,32.92193805
-513,,,34.92411481,30.45671321,32.69041401
-514,,,34.71464865,30.20609363,32.46037114
-515,,,34.50473132,29.95647663,32.23060398
-516,,,34.29412855,29.70710292,32.00061573
-517,,,34.08317207,29.45777575,31.77047391
-518,,,33.87215316,29.20845678,31.54030497
-519,,,33.66113426,28.95913782,31.31013604
-520,,,33.45011535,28.70981886,31.07996711
-521,,,33.23909645,28.46049989,30.84979817
-522,,,33.02807755,28.21118093,30.61962924
-523,,,32.81705864,27.96186197,30.3894603
-524,,,32.60603974,27.712543,30.15929137
-525,,,32.39502083,27.46322404,29.92912244
-526,,,32.18400193,27.21390507,29.6989535
-527,,,31.97298302,26.96458611,29.46878457
-528,,,31.76196412,26.71526715,29.23861563
-529,,,31.55094522,26.46594818,29.0084467
-530,,,31.33992631,26.21662922,28.77827777
-531,,,31.12890741,25.96731026,28.54810883
-532,,,30.9178885,25.71799129,28.3179399
-533,,,30.7068696,25.46867233,28.08777096
-534,,,30.49585069,25.21935337,27.85760203
-535,,,30.28483179,24.9700344,27.6274331
-536,,,30.07381289,24.72071544,27.39726416
-537,,,29.86279398,24.47139647,27.16709523
-538,,,29.65177508,24.22207751,26.93692629
-539,,,29.44075617,23.97275855,26.70675736
-540,,,29.22973727,23.72343958,26.47658843
-541,,,29.01871836,23.47412062,26.24641949
-542,,,28.80769946,23.22480166,26.01625056
-543,,,28.59668055,22.97548269,25.78608162
-544,,,28.38566165,22.72616373,25.55591269
-545,,,28.17464275,22.47684477,25.32574376
-546,,,27.96362384,22.2275258,25.09557482
-547,,,27.75260494,21.97820684,24.86540589
-548,,,27.54158603,21.72888787,24.63523695
-549,,,27.33056713,21.47956891,24.40506802
-550,,,27.11954822,21.23024995,24.17489909
-551,,,26.90852932,20.98093098,23.94473015
-552,,,26.69751042,20.73161202,23.71456122
-553,,,26.48649151,20.48229306,23.48439228
-554,,,26.27547261,20.23297409,23.25422335
-555,,,26.0644537,19.98365513,23.02405442
-556,,,25.8534348,19.73433616,22.79388548
-557,,,25.64241589,19.4850172,22.56371655
-558,,,25.43139699,19.23569824,22.33354761
-559,,,25.22037809,18.98637927,22.10337868
-560,,,25.00935918,18.73706031,21.87320975
-561,,,24.79834028,18.48774135,21.64304081
-562,,,24.58721209,18.23829327,21.41275268
-563,,,24.3755114,17.98825438,21.18188289
-564,,,24.16263846,17.7373159,20.94997718
-565,,,23.94812977,17.48557224,20.716851
-566,,,23.73184652,17.23349919,20.48267286
-567,,,23.5140667,16.9818095,20.2479381
-568,,,23.29549062,16.73127841,20.01338452
-569,,,23.07718143,16.4825909,19.77988616
-570,,,22.86046491,16.23623443,19.54834967
-571,,,22.64681164,15.992443,19.31962732
-572,,,22.4377201,15.75118728,19.09445369
-573,,,22.23461425,15.51220032,18.87340729
-574,,,22.03876337,15.27502646,18.65689492
-575,,,21.85122768,15.03908154,18.44515461
-576,,,21.67282898,14.80371462,18.2382718
-577,,,21.50414338,14.56826381,18.0362036
-578,,,21.34551122,14.33210151,17.83880637
-579,,,21.19705873,14.0946666,17.64586267
-580,,,21.0587259,13.8554833,17.4571046
-581,,,20.93028004,13.61414928,17.27221466
-582,,,20.8112744,13.37026413,17.09076927
-583,,,20.70102505,13.12342464,16.91222484
-584,,,20.59860816,12.87324955,16.73592885
-585,,,20.50287628,12.6194129,16.56114459
-586,,,20.41249743,12.3616835,16.38709047
-587,,,20.32601895,12.09996694,16.21299294
-588,,,20.24195501,11.83434448,16.03814975
-589,,,20.15889265,11.56510207,15.86199736
-590,,,20.07560648,11.29274123,15.68417386
-591,,,19.99116711,11.01796371,15.50456541
-592,,,19.90502409,10.74162263,15.32332336
-593,,,19.81704172,10.46463659,15.14083916
-594,,,19.72746746,10.18786912,14.95766829
-595,,,19.63682058,9.911985918,14.77440325
-596,,,19.54570635,9.637317774,14.59151206
-597,,,19.45459253,9.363777601,14.40918507
-598,,,19.36363636,9.090909091,14.22727273
-599,,,19.27272727,8.818181818,14.04545455
-600,,,19.18181818,8.545454545,13.86363636
-601,,,19.09090909,8.272727273,13.68181818
-602,,,19,8,13.5
-603,,,18.90909091,7.727272727,13.31818182
-604,,,18.81818182,7.454545455,13.13636364
-605,,,18.72727273,7.181818182,12.95454545
-606,,,18.63636364,6.909090909,12.77272727
-607,,,18.54545455,6.636363636,12.59090909
-608,,,18.45454545,6.363636364,12.40909091
-609,,,18.36363636,6.090909091,12.22727273
-610,,,18.27272727,5.818181818,12.04545455
-611,,,18.18181818,5.545454545,11.86363636
-612,,,18.09090909,5.272727273,11.68181818
-613,,,18,5,11.5
-614,,,17.90909091,4.727272727,11.31818182
-615,,,17.81818182,4.454545455,11.13636364
-616,,,17.72727273,4.181818182,10.95454545
-617,,,17.63636364,3.909090909,10.77272727
-618,,,17.54540747,3.636222399,10.59081493
-619,,,17.45418437,3.362553111,10.40836874
-620,,,17.36234127,3.087023806,10.22468254
-621,,,17.26952636,2.808579073,10.03905272
-622,,,17.17552829,2.526584869,9.851056579
-623,,,17.08037576,2.241127291,9.660751528
-624,,,16.98438285,1.953148551,9.468765701
-625,,,16.88814287,1.664428599,9.276285733
-626,,,16.79248258,1.377447747,9.084965165
-627,,,16.69839172,1.095175148,8.896783432
-628,,,16.60694221,0.820826642,8.713884428
-629,,,16.51920933,0.557627994,8.538418663
-630,,,16.43620312,0.308609374,8.37240625
-631,,,16.35881548,0.07644645,8.217630967
-632,,,16.28778469,-0.136645944,8.075569371
-633,,,16.22367698,-0.32896905,7.947353967
-634,,,16.16688295,-0.499351161,7.833765893
-635,,,16.11762522,-0.647124349,7.735250434
-636,,,16.07597386,-0.772078433,7.651947711
-637,,,16.0418588,-0.874423596,7.583717603
-638,,,16.01505741,-0.954827762,7.530114825
-639,,,15.99517912,-1.014462641,7.490358239
-640,,,15.98165767,-1.055026989,7.46331534
-641,,,15.97375479,-1.078735642,7.447509572
-642,,,15.97057858,-1.088264267,7.441157156
-643,,,15.97111899,-1.086643034,7.442237978
-644,,,15.97430076,-1.077097707,7.448601528
-645,,,15.97905196,-1.062844128,7.458103914
-646,,,15.98438285,-1.046851449,7.468765701
-647,,,15.98946667,-1.031599981,7.478933346
-648,,,15.99371011,-1.018869676,7.487420216
-649,,,15.99679909,-1.009602745,7.49359817
-650,,,15.99870491,-1.003885285,7.49740981
-651,,,15.99963892,-1.001083253,7.499277832
-652,,,15.99995292,-1.000141237,7.499905842
-653,,,16,-1,7.5
-654,,,16,-1,7.5
-655,,,16,-1,7.5
-656,,,16,-1,7.5
-657,,,16,-1,7.5
-658,,,16,-1,7.5
-659,,,16,-1,7.5
-660,,,16,-1,7.5
-661,,,16,-1,7.5
-662,,,16,-1,7.5
-663,,,16,-1,7.5
-664,,,16,-1,7.5
-665,,,16,-1,7.5
-666,,,16,-1,7.5
-667,,,16,-1,7.5
-668,,,16,-1,7.5
-669,,,16,-1,7.5
-670,,,16,-1,7.5
-671,,,16,-1,7.5
-672,,,16,-1,7.5
-673,,,16,-1,7.5
-674,,,16,-1,7.5
-675,,,16,-1,7.5
-676,,,16,-1,7.5
-677,,,16,-1,7.5
-678,,,16,-1,7.5
-679,,,16,-1,7.5
-680,,,16,-1,7.5
-681,,,16,-1,7.5
-682,,,16,-1,7.5
-683,,,16,-1,7.5
-684,,,16,-1,7.5
-685,,,16,-1,7.5
-686,,,16,-1,7.5
-687,,,16,-1,7.5
-688,,,16,-1,7.5
-689,,,16,-1,7.5
-690,,,16,-1,7.5
-691,,,16,-1,7.5
-692,,,16,-1,7.5
-693,,,16,-1,7.5
-694,,,16,-1,7.5
-695,,,16,-1,7.5
-696,,,16,-1,7.5
-697,,,16,-1,7.5
-698,,,16,-1,7.5
-699,,,16,-1,7.5
-700,,,16,-1,7.5
-701,,,16,-1,7.5
-702,,,16,-1,7.5
-703,,,16,-1,7.5
-704,,,16,-1,7.5
-705,,,16,-1,7.5
-706,,,16,-1,7.5
-707,,,16,-1,7.5
-708,,,16,-1,7.5
-709,,,16,-1,7.5
-710,,,16,-1,7.5
-711,,,16,-1,7.5
-712,,,16,-1,7.5
-713,,,16,-1,7.5
-714,,,16,-1,7.5
-715,,,16,-1,7.5
-716,,,16,-1,7.5
-717,,,16,-1,7.5
-718,,,16,-1,7.5
-719,,,16,-1,7.5
-720,,,16,-1,7.5
-721,,,16,-1,7.5
-722,,,16,-1,7.5
-723,,,16,-1,7.5
-724,,,16,-1,7.5
-725,,,16,-1,7.5
-726,,,16,-1,7.5
-727,,,16,-1,7.5
-728,,,16,-1,7.5
-729,,,16,-1,7.5
-730,,,16,-1,7.5
-731,,,16,-1,7.5
-732,,,16,-1,7.5
-733,,,16,-1,7.5
-734,,,16,-1,7.5
-735,,,16,-1,7.5
-736,,,16,-1,7.5
-737,,,16,-1,7.5
-738,,,16,-1,7.5
-739,,,16,-1,7.5
-740,,,16,-1,7.5
-741,,,16,-1,7.5
-742,,,16,-1,7.5
-743,,,16,-1,7.5
-744,,,16,-1,7.5
-745,,,16,-1,7.5
-746,,,16,-1,7.5
-747,,,16,-1,7.5
-748,,,16,-1,7.5
-749,,,16,-1,7.5
-750,,,16,-1,7.5